-- phpMyAdmin SQL Dump
-- version 4.6.4
-- https://www.phpmyadmin.net/
--
-- Host: 127.0.0.1
-- Generation Time: Nov 14, 2017 at 04:46 AM
-- Server version: 5.7.14
-- PHP Version: 5.6.25

SET SQL_MODE = "NO_AUTO_VALUE_ON_ZERO";
SET time_zone = "+00:00";


/*!40101 SET @OLD_CHARACTER_SET_CLIENT=@@CHARACTER_SET_CLIENT */;
/*!40101 SET @OLD_CHARACTER_SET_RESULTS=@@CHARACTER_SET_RESULTS */;
/*!40101 SET @OLD_COLLATION_CONNECTION=@@COLLATION_CONNECTION */;
/*!40101 SET NAMES utf8mb4 */;

--
-- Database: `publish_subscription`
--

-- --------------------------------------------------------

--
-- Table structure for table `tbl_add_subscriber`
--

CREATE TABLE `tbl_add_subscriber` (
  `InstituteID` varchar(255) NOT NULL,
  `CategoryID` varchar(255) NOT NULL,
  `SubscriberID` varchar(255) NOT NULL
) ENGINE=MyISAM DEFAULT CHARSET=latin1;

--
-- Dumping data for table `tbl_add_subscriber`
--

INSERT INTO `tbl_add_subscriber` (`InstituteID`, `CategoryID`, `SubscriberID`) VALUES
('{53D9DDDA-36C1-407D-BF3A-30FA3265CB08}', '{10ED608E-330C-4993-A735-354AFC44543A}', '{99E9852D-B301-4694-9503-2ED5BC6E6B74}'),
('{53D9DDDA-36C1-407D-BF3A-30FA3265CB08}', '{10ED608E-330C-4993-A735-354AFC44543A}', '{4A8BC16B-A271-4B6D-BE1C-5B443A7E0B2E}'),
('{53D9DDDA-36C1-407D-BF3A-30FA3265CB08}', '{10ED608E-330C-4993-A735-354AFC44543A}', '{4C24798C-C6A8-4373-A3CE-535EE86003C6}'),
('{53D9DDDA-36C1-407D-BF3A-30FA3265CB08}', '', '{7051B474-DB05-466B-B1F6-EE9B9EF0F83A}'),
('{53D9DDDA-36C1-407D-BF3A-30FA3265CB08}', '{10ED608E-330C-4993-A735-354AFC44543A}', '{7051B474-DB05-466B-B1F6-EE9B9EF0F83A}'),
('{FF8A9ECE-F3B4-4D0D-9AE3-8EA88F684A39}', '{7C4A1A0D-3044-47A8-A0AC-75A0BA5D5441}', '{BC6BD37B-CCFE-4AEE-BEA9-19373F26201C}'),
('{53D9DDDA-36C1-407D-BF3A-30FA3265CB08}', '{606AA9D1-C2F9-45DC-BEB9-EF1EBDCC46C4}', '{99E9852D-B301-4694-9503-2ED5BC6E6B74}'),
('{53D9DDDA-36C1-407D-BF3A-30FA3265CB08}', '{94BAED2D-83C5-49B1-974E-714285F7834F}', '{99E9852D-B301-4694-9503-2ED5BC6E6B74}');

-- --------------------------------------------------------

--
-- Table structure for table `tbl_child_cat`
--

CREATE TABLE `tbl_child_cat` (
  `CatID` varchar(250) NOT NULL,
  `UserID` varchar(255) NOT NULL,
  `InstituteID` varchar(255) NOT NULL,
  `Name` varchar(55) NOT NULL,
  `ParentID` varchar(250) DEFAULT NULL,
  `Image` varchar(255) NOT NULL
) ENGINE=MyISAM DEFAULT CHARSET=latin1;

--
-- Dumping data for table `tbl_child_cat`
--

INSERT INTO `tbl_child_cat` (`CatID`, `UserID`, `InstituteID`, `Name`, `ParentID`, `Image`) VALUES
('{606AA9D1-C2F9-45DC-BEB9-EF1EBDCC46C4}', '{4A8BC16B-A271-4B6D-BE1C-5B443A7E0B2E}', '{53D9DDDA-36C1-407D-BF3A-30FA3265CB08}', 'CSE', '{825A18E5-3C5F-4939-9106-57ABC15021BC}', 'uploads_group/7756fb7512.jpg'),
('{825A18E5-3C5F-4939-9106-57ABC15021BC}', '{4A8BC16B-A271-4B6D-BE1C-5B443A7E0B2E}', '{53D9DDDA-36C1-407D-BF3A-30FA3265CB08}', 'SET School', '{94BAED2D-83C5-49B1-974E-714285F7834F}', 'uploads_group/3148e40df6.jpg'),
('{94BAED2D-83C5-49B1-974E-714285F7834F}', '{4A8BC16B-A271-4B6D-BE1C-5B443A7E0B2E}', '{53D9DDDA-36C1-407D-BF3A-30FA3265CB08}', 'Khulna University', '0', 'uploads_group/6b940f1e57.jpg'),
('{10ED608E-330C-4993-A735-354AFC44543A}', '{4A8BC16B-A271-4B6D-BE1C-5B443A7E0B2E}', '{53D9DDDA-36C1-407D-BF3A-30FA3265CB08}', 'CSE13', '{606AA9D1-C2F9-45DC-BEB9-EF1EBDCC46C4}', 'uploads_group/9cf034d963.jpg'),
('{989DB3D1-7859-4531-92D4-BD1D543FAEDE}', '{99E9852D-B301-4694-9503-2ED5BC6E6B74}', '{8809CFFE-7D0E-469C-95DD-897671FAA656}', 'Office', '{4B5DC49F-0FDB-46FF-8B9C-CB153AAF4C74}', 'uploads_group/3f0206c20d.jpg'),
('{4B5DC49F-0FDB-46FF-8B9C-CB153AAF4C74}', '{99E9852D-B301-4694-9503-2ED5BC6E6B74}', '{8809CFFE-7D0E-469C-95DD-897671FAA656}', 'Katpara School', '0', 'Institute_uploads/bb477cd3f9.jpg\r\n'),
('{7C4A1A0D-3044-47A8-A0AC-75A0BA5D5441}', '{4A8BC16B-A271-4B6D-BE1C-5B443A7E0B2E}', '{FF8A9ECE-F3B4-4D0D-9AE3-8EA88F684A39}', 'BTHQPH School', '0', 'Institute_uploads/195cfe1510.jpg'),
('{7FCE95CE-77D9-4E0A-B653-B76407DA21FB}', '{99E9852D-B301-4694-9503-2ED5BC6E6B74}', '{8809CFFE-7D0E-469C-95DD-897671FAA656}', 'Teachers', '{4B5DC49F-0FDB-46FF-8B9C-CB153AAF4C74}', 'uploads_group/b4affa4e6d.jpg'),
('{3A4FE1F3-8F82-44F9-9D37-D44621B7E8B9}', '{99E9852D-B301-4694-9503-2ED5BC6E6B74}', '{8809CFFE-7D0E-469C-95DD-897671FAA656}', 'Class 10', '{4B5DC49F-0FDB-46FF-8B9C-CB153AAF4C74}', 'uploads_group/cd188dd31f.jpg'),
('{3892F28A-D9A5-48D8-9017-249617DDAAB0}', '{99E9852D-B301-4694-9503-2ED5BC6E6B74}', '{8809CFFE-7D0E-469C-95DD-897671FAA656}', 'Class 9', '{4B5DC49F-0FDB-46FF-8B9C-CB153AAF4C74}', 'uploads_group/6c80ba8a0e.jpg'),
('{F2AC50A3-6ADB-4988-B640-5839D857A202}', '{4A8BC16B-A271-4B6D-BE1C-5B443A7E0B2E}', '{53D9DDDA-36C1-407D-BF3A-30FA3265CB08}', 'CSE14', '{606AA9D1-C2F9-45DC-BEB9-EF1EBDCC46C4}', 'uploads_group/35773d00c3.jpg'),
('{8290B228-C65E-4ADB-9249-EB7347DDE7BA}', '{4A8BC16B-A271-4B6D-BE1C-5B443A7E0B2E}', '{53D9DDDA-36C1-407D-BF3A-30FA3265CB08}', 'ECE', '{825A18E5-3C5F-4939-9106-57ABC15021BC}', 'uploads_group/f596e11467.jpg'),
('{CED47549-6EA2-411F-961E-9B78F3B11C77}', '{4A8BC16B-A271-4B6D-BE1C-5B443A7E0B2E}', '{53D9DDDA-36C1-407D-BF3A-30FA3265CB08}', 'ECE13', '{8290B228-C65E-4ADB-9249-EB7347DDE7BA}', 'uploads_group/753798e730.jpg'),
('{3597D92C-89FF-4C9A-8FB8-79D707606884}', '{4A8BC16B-A271-4B6D-BE1C-5B443A7E0B2E}', '{53D9DDDA-36C1-407D-BF3A-30FA3265CB08}', 'Life Science School', '{94BAED2D-83C5-49B1-974E-714285F7834F}', 'uploads_group/4d44c062a5.jpg'),
('{DC2A59E4-B7DF-4AE7-9DDB-037DA3623F44}', '{4A8BC16B-A271-4B6D-BE1C-5B443A7E0B2E}', '{53D9DDDA-36C1-407D-BF3A-30FA3265CB08}', 'Pharmacy', '{3597D92C-89FF-4C9A-8FB8-79D707606884}', 'uploads_group/5a3936fecf.jpg'),
('{719B9274-70EE-499B-99BD-0C94FC189B35}', '{4A8BC16B-A271-4B6D-BE1C-5B443A7E0B2E}', '{FF8A9ECE-F3B4-4D0D-9AE3-8EA88F684A39}', 'Teachers', '{7C4A1A0D-3044-47A8-A0AC-75A0BA5D5441}', 'uploads_group/1a0a259b9a.jpg'),
('{B23C0E27-CE00-4737-8107-EC37AE2A96EF}', '{4A8BC16B-A271-4B6D-BE1C-5B443A7E0B2E}', '{FF8A9ECE-F3B4-4D0D-9AE3-8EA88F684A39}', 'Class 10', '{7C4A1A0D-3044-47A8-A0AC-75A0BA5D5441}', 'uploads_group/487bed9ad0.jpg');

-- --------------------------------------------------------

--
-- Table structure for table `tbl_favourite_notice`
--

CREATE TABLE `tbl_favourite_notice` (
  `FNoticeID` varchar(255) NOT NULL,
  `SubscriberID` varchar(255) NOT NULL
) ENGINE=MyISAM DEFAULT CHARSET=latin1;

--
-- Dumping data for table `tbl_favourite_notice`
--

INSERT INTO `tbl_favourite_notice` (`FNoticeID`, `SubscriberID`) VALUES
('{D3C13F1C-6394-4090-A217-36C5E6F908EC}', '{4A8BC16B-A271-4B6D-BE1C-5B443A7E0B2E}'),
('{724D513E-CACC-45D5-9F73-13A75EED00F3}', '{4A8BC16B-A271-4B6D-BE1C-5B443A7E0B2E}'),
('{B083B3FF-8348-4DA9-B0E8-98A67AF995B0}', '{4A8BC16B-A271-4B6D-BE1C-5B443A7E0B2E}'),
('{D3C13F1C-6394-4090-A217-36C5E6F908EC}', '{99E9852D-B301-4694-9503-2ED5BC6E6B74}');

-- --------------------------------------------------------

--
-- Table structure for table `tbl_file`
--

CREATE TABLE `tbl_file` (
  `ID` varchar(255) NOT NULL,
  `CategoryID` varchar(255) NOT NULL,
  `PublisherID` varchar(255) NOT NULL,
  `PublisherName` varchar(50) NOT NULL,
  `Image` varchar(255) NOT NULL
) ENGINE=MyISAM DEFAULT CHARSET=latin1;

--
-- Dumping data for table `tbl_file`
--

INSERT INTO `tbl_file` (`ID`, `CategoryID`, `PublisherID`, `PublisherName`, `Image`) VALUES
('{8F7048A5-7B63-46E9-B84A-42920E5772D7}', '{10ED608E-330C-4993-A735-354AFC44543A}', '{4A8BC16B-A271-4B6D-BE1C-5B443A7E0B2E}', 'Binayak', 'post_uploads/8ec38649eb.jpg'),
('{5C59A214-2FB7-454E-A778-0BEF3F54CD39}', '{10ED608E-330C-4993-A735-354AFC44543A}', '{4A8BC16B-A271-4B6D-BE1C-5B443A7E0B2E}', 'Binayak', 'post_uploads/3a8596684c.jpg');

-- --------------------------------------------------------

--
-- Table structure for table `tbl_image`
--

CREATE TABLE `tbl_image` (
  `ID` varchar(255) NOT NULL,
  `Name` varchar(255) NOT NULL,
  `Image` varchar(255) NOT NULL
) ENGINE=MyISAM DEFAULT CHARSET=latin1;

--
-- Dumping data for table `tbl_image`
--

INSERT INTO `tbl_image` (`ID`, `Name`, `Image`) VALUES
('{0325482E-8E2F-492E-9E90-A3B17FE24D7C}', 'hkl', 'uploads/'),
('{C91FDAF6-AFB6-410F-96A1-D2958688254B}', 'he', 'uploads/IMG_20170913_103135.jpg'),
('{8AD1D117-B4DB-4325-BE01-7CB8BE0AFA14}', 'poem of binayak', 'uploads/hotat bristy.docx'),
('{F48A2CF4-D4FA-4D98-982C-4EAA467FC358}', 'koushiks Father', 'uploads/19113751_1991991214363677_8668836943281170310_n.jpg'),
('{4D027C49-F38A-4E63-9457-BBEEF62E4BA3}', 'hjk', 'uploads/'),
('{827EDC26-7A56-4F4D-9191-CFB78AEEDFDB}', 'binayak', 'uploads/');

-- --------------------------------------------------------

--
-- Table structure for table `tbl_institution`
--

CREATE TABLE `tbl_institution` (
  `ID` varchar(255) NOT NULL,
  `UserID` varchar(255) NOT NULL,
  `Name` varchar(255) NOT NULL,
  `Address` varchar(255) NOT NULL,
  `Description` longtext NOT NULL,
  `Image` varchar(255) NOT NULL
) ENGINE=MyISAM DEFAULT CHARSET=latin1;

--
-- Dumping data for table `tbl_institution`
--

INSERT INTO `tbl_institution` (`ID`, `UserID`, `Name`, `Address`, `Description`, `Image`) VALUES
('{53D9DDDA-36C1-407D-BF3A-30FA3265CB08}', '{4A8BC16B-A271-4B6D-BE1C-5B443A7E0B2E}', 'Khulna University', 'khulna,Bangladesh', 'Khulna University is the southeast university in our country.Only one politics free public university in our country.', 'Institute_uploads/6b940f1e57.jpg'),
('{FF8A9ECE-F3B4-4D0D-9AE3-8EA88F684A39}', '{4A8BC16B-A271-4B6D-BE1C-5B443A7E0B2E}', 'BTHQPH School', 'Batiaghata,khulna', 'It is very good school', 'Institute_uploads/195cfe1510.jpg'),
('{8809CFFE-7D0E-469C-95DD-897671FAA656}', '{99E9852D-B301-4694-9503-2ED5BC6E6B74}', 'Katpara School', 'Paikgaca,khulna,Bangladesh', 'This is a good school in paikgaca upazila bangladesh.About 600 students study here.', 'Institute_uploads/bb477cd3f9.jpg');

-- --------------------------------------------------------

--
-- Table structure for table `tbl_new_publisher`
--

CREATE TABLE `tbl_new_publisher` (
  `InstituteID` varchar(255) NOT NULL,
  `CategoryID` varchar(255) NOT NULL,
  `PublisherID` varchar(255) NOT NULL
) ENGINE=MyISAM DEFAULT CHARSET=latin1;

--
-- Dumping data for table `tbl_new_publisher`
--

INSERT INTO `tbl_new_publisher` (`InstituteID`, `CategoryID`, `PublisherID`) VALUES
('{53D9DDDA-36C1-407D-BF3A-30FA3265CB08}', '{10ED608E-330C-4993-A735-354AFC44543A}', '{4A8BC16B-A271-4B6D-BE1C-5B443A7E0B2E}'),
('{53D9DDDA-36C1-407D-BF3A-30FA3265CB08}', '{606AA9D1-C2F9-45DC-BEB9-EF1EBDCC46C4}', '{99E9852D-B301-4694-9503-2ED5BC6E6B74}'),
('{53D9DDDA-36C1-407D-BF3A-30FA3265CB08}', '{825A18E5-3C5F-4939-9106-57ABC15021BC}', '{BC6BD37B-CCFE-4AEE-BEA9-19373F26201C}'),
('{FF8A9ECE-F3B4-4D0D-9AE3-8EA88F684A39}', '{7C4A1A0D-3044-47A8-A0AC-75A0BA5D5441}', '{4A8BC16B-A271-4B6D-BE1C-5B443A7E0B2E}'),
('{8809CFFE-7D0E-469C-95DD-897671FAA656}', '{4B5DC49F-0FDB-46FF-8B9C-CB153AAF4C74}', '{99E9852D-B301-4694-9503-2ED5BC6E6B74}'),
('{53D9DDDA-36C1-407D-BF3A-30FA3265CB08}', '{94BAED2D-83C5-49B1-974E-714285F7834F}', '{4C24798C-C6A8-4373-A3CE-535EE86003C6}');

-- --------------------------------------------------------

--
-- Table structure for table `tbl_notice`
--

CREATE TABLE `tbl_notice` (
  `ID` varchar(100) NOT NULL,
  `ChildCatID` varchar(255) NOT NULL,
  `PubCatID` varchar(255) NOT NULL,
  `PublisherID` varchar(100) NOT NULL,
  `Status` int(10) NOT NULL,
  `Notice` longtext NOT NULL,
  `Image` varchar(255) NOT NULL,
  `date` timestamp NOT NULL DEFAULT CURRENT_TIMESTAMP
) ENGINE=InnoDB DEFAULT CHARSET=latin1;

--
-- Dumping data for table `tbl_notice`
--

INSERT INTO `tbl_notice` (`ID`, `ChildCatID`, `PubCatID`, `PublisherID`, `Status`, `Notice`, `Image`, `date`) VALUES
('{29769CC2-256F-47EC-BCA3-F16622CF176A}', '{606AA9D1-C2F9-45DC-BEB9-EF1EBDCC46C4}', '{606AA9D1-C2F9-45DC-BEB9-EF1EBDCC46C4}', '{99E9852D-B301-4694-9503-2ED5BC6E6B74}', 1, 'CSE 1st notice', '', '2017-11-14 04:23:45'),
('{45E99747-7A99-4958-BD2F-968DAF667981}', '{606AA9D1-C2F9-45DC-BEB9-EF1EBDCC46C4}', '{606AA9D1-C2F9-45DC-BEB9-EF1EBDCC46C4}', '{99E9852D-B301-4694-9503-2ED5BC6E6B74}', 1, 'CSE 1st notice', 'post_uploads/4155597553.jpg', '2017-11-14 04:24:43'),
('{4969004A-20E1-49B9-8352-D87E33234836}', '{606AA9D1-C2F9-45DC-BEB9-EF1EBDCC46C4}', '{606AA9D1-C2F9-45DC-BEB9-EF1EBDCC46C4}', '{99E9852D-B301-4694-9503-2ED5BC6E6B74}', 1, 'heloo', '', '2017-11-14 04:32:39'),
('{724D513E-CACC-45D5-9F73-13A75EED00F3}', '{10ED608E-330C-4993-A735-354AFC44543A}', '{10ED608E-330C-4993-A735-354AFC44543A}', '{4A8BC16B-A271-4B6D-BE1C-5B443A7E0B2E}', 0, '', 'post_uploads/2a041a323c.jpg', '2017-11-11 17:55:09'),
('{7B871DC9-88D1-4ECA-A8D4-7BDFABE89949}', '{606AA9D1-C2F9-45DC-BEB9-EF1EBDCC46C4}', '{606AA9D1-C2F9-45DC-BEB9-EF1EBDCC46C4}', '{99E9852D-B301-4694-9503-2ED5BC6E6B74}', 1, 'khertfhj', '', '2017-11-14 04:27:07'),
('{A0913D2A-C54F-4B65-A837-E8F0B9C0C0A8}', '{606AA9D1-C2F9-45DC-BEB9-EF1EBDCC46C4}', '{606AA9D1-C2F9-45DC-BEB9-EF1EBDCC46C4}', '{99E9852D-B301-4694-9503-2ED5BC6E6B74}', 1, 'CSE 1st notice', '', '2017-11-14 04:24:01'),
('{B083B3FF-8348-4DA9-B0E8-98A67AF995B0}', '{10ED608E-330C-4993-A735-354AFC44543A}', '{10ED608E-330C-4993-A735-354AFC44543A}', '{4A8BC16B-A271-4B6D-BE1C-5B443A7E0B2E}', 0, 'hello', '', '2017-11-11 17:52:35'),
('{D3C13F1C-6394-4090-A217-36C5E6F908EC}', '{10ED608E-330C-4993-A735-354AFC44543A}', '{10ED608E-330C-4993-A735-354AFC44543A}', '{4A8BC16B-A271-4B6D-BE1C-5B443A7E0B2E}', 0, 'Exam routine 2017', 'post_uploads/56c3ac5f90.jpg', '2017-11-11 18:18:38'),
('{D55BA91B-B551-4571-B1DE-62DD342D3D0E}', '{606AA9D1-C2F9-45DC-BEB9-EF1EBDCC46C4}', '{606AA9D1-C2F9-45DC-BEB9-EF1EBDCC46C4}', '{99E9852D-B301-4694-9503-2ED5BC6E6B74}', 1, 'CSE 1st notice', 'post_uploads/1da5943903.jpg', '2017-11-14 04:24:32');

-- --------------------------------------------------------

--
-- Table structure for table `tbl_permission`
--

CREATE TABLE `tbl_permission` (
  `ID` varchar(40) NOT NULL,
  `Name` varchar(40) NOT NULL,
  `Category` varchar(40) NOT NULL
) ENGINE=MyISAM DEFAULT CHARSET=latin1;

--
-- Dumping data for table `tbl_permission`
--

INSERT INTO `tbl_permission` (`ID`, `Name`, `Category`) VALUES
('PUBLISHER_C', 'PUBLISHER_C', 'PUBLISHER'),
('PUBLISHER_R', 'PUBLISHER_R', 'PUBLISHER'),
('PUBLISHER_U', 'PUBLISHER_U', 'PUBLISHER'),
('PUBLISHER_D', 'PUBLISHER_D', 'PUBLISHER'),
('SUBSCRIBER_C', 'SUBSCRIBER_C', 'SUBSCRIBER'),
('SUBSCRIBER_R', 'SUBSCRIBER_R', 'SUBSCRIBER'),
('SUBSCRIBER_U', 'SUBSCRIBER_U', 'SUBSCRIBER'),
('SUBSCRIBER_D', 'SUBSCRIBER_D', 'SUBSCRIBER'),
('NOTICE_C', 'NOTICE_C', 'NOTICE'),
('NOTICE_R', 'NOTICE_R', 'NOTICE'),
('NOTICE_U', 'NOTICE_U', 'NOTICE'),
('NOTICE_D', 'NOTICE_D', 'NOTICE'),
('CATEGORY_C', 'CATEGORY_C', 'CATEGORY'),
('CATEGORY_R', 'CATEGORY_R', 'CATEGORY'),
('CATEGORY_U', 'CATEGORY_U', 'CATEGORY'),
('CATEGORY_D', 'CATEGORY_D', 'CATEGORY'),
('CONTENT_C', 'CONTENT_C', 'CONTENT'),
('CONTENT_R', 'CONTENT_R', 'CONTENT'),
('CONTENT_U', 'CONTENT_U', 'CONTENT'),
('CONTENT_D', 'CONTENT_D', 'CONTENT'),
('ROLE_C', 'ROLE_C', 'ROLE'),
('ROLE_R', 'ROLE_R', 'ROLE'),
('ROLE_U', 'ROLE_U', 'ROLE'),
('ROLE_D', 'ROLE_D', 'ROLE');

-- --------------------------------------------------------

--
-- Table structure for table `tbl_post_notification`
--

CREATE TABLE `tbl_post_notification` (
  `SubCatID` varchar(255) NOT NULL,
  `Status` int(100) NOT NULL,
  `Notice` longtext NOT NULL,
  `SubscriberID` varchar(255) NOT NULL
) ENGINE=MyISAM DEFAULT CHARSET=latin1;

--
-- Dumping data for table `tbl_post_notification`
--

INSERT INTO `tbl_post_notification` (`SubCatID`, `Status`, `Notice`, `SubscriberID`) VALUES
('{A96D121C-30ED-4C25-8717-FEBA5B8D626B}', 1, 'Result', '{'),
('{A96D121C-30ED-4C25-8717-FEBA5B8D626B}', 1, 'Result', '{');

-- --------------------------------------------------------

--
-- Table structure for table `tbl_profileimage`
--

CREATE TABLE `tbl_profileimage` (
  `id` int(11) NOT NULL,
  `UserID` varchar(255) NOT NULL,
  `Image` varchar(255) NOT NULL
) ENGINE=MyISAM DEFAULT CHARSET=latin1;

--
-- Dumping data for table `tbl_profileimage`
--

INSERT INTO `tbl_profileimage` (`id`, `UserID`, `Image`) VALUES
(6, '{99E9852D-B301-4694-9503-2ED5BC6E6B74}', 'uploads/16a2803b64.jpg'),
(5, '{4A8BC16B-A271-4B6D-BE1C-5B443A7E0B2E}', 'uploads/faac2a1fd2.jpg'),
(4, '{4A8BC16B-A271-4B6D-BE1C-5B443A7E0B2E}', 'uploads/ac97e07194.jpg'),
(7, '{4A8BC16B-A271-4B6D-BE1C-5B443A7E0B2E}', 'uploads/72c2ad2ad1.jpg'),
(8, '{4A8BC16B-A271-4B6D-BE1C-5B443A7E0B2E}', 'uploads/a869189680.jpg'),
(9, '{99E9852D-B301-4694-9503-2ED5BC6E6B74}', 'uploads/451a595000.jpg'),
(10, '{BC6BD37B-CCFE-4AEE-BEA9-19373F26201C}', 'uploads/6a05f748f3.jpg'),
(11, '{4A8BC16B-A271-4B6D-BE1C-5B443A7E0B2E}', 'uploads/c3a0bf0e9a.jpg'),
(12, '{2D7852F8-D70A-4222-8306-FB0F4FC22DBC}', 'uploads/bf46ccb706.jpg'),
(13, '{4A8BC16B-A271-4B6D-BE1C-5B443A7E0B2E}', 'uploads/8eddd720c5.jpg'),
(14, '{4A8BC16B-A271-4B6D-BE1C-5B443A7E0B2E}', 'uploads/ec53cd1ee8.jpg'),
(15, '{4A8BC16B-A271-4B6D-BE1C-5B443A7E0B2E}', 'uploads/d80f2bbcfc.jpg'),
(16, '{4A8BC16B-A271-4B6D-BE1C-5B443A7E0B2E}', 'uploads/b80eb75750.pdf'),
(17, '{4A8BC16B-A271-4B6D-BE1C-5B443A7E0B2E}', 'uploads/3275b8d48f.jpg'),
(18, '{7051B474-DB05-466B-B1F6-EE9B9EF0F83A}', 'uploads/79e9edab38.jpg'),
(19, '{99E9852D-B301-4694-9503-2ED5BC6E6B74}', 'uploads/dcc99b14cf.jpg'),
(20, '{99E9852D-B301-4694-9503-2ED5BC6E6B74}', 'uploads/affe184980.jpg'),
(21, '{4C24798C-C6A8-4373-A3CE-535EE86003C6}', 'uploads/6f7ec9fc57.jpg'),
(22, '{4A8BC16B-A271-4B6D-BE1C-5B443A7E0B2E}', 'uploads/ca8f015410.jpg'),
(23, '{4A8BC16B-A271-4B6D-BE1C-5B443A7E0B2E}', 'uploads/9efc10cf7f.jpg'),
(24, '{4A8BC16B-A271-4B6D-BE1C-5B443A7E0B2E}', 'uploads/1788dc5920.jpg'),
(25, '{4A8BC16B-A271-4B6D-BE1C-5B443A7E0B2E}', 'uploads/41151be94e.jpg'),
(26, '{4A8BC16B-A271-4B6D-BE1C-5B443A7E0B2E}', 'uploads/109462a6e1.jpg'),
(27, '{4A8BC16B-A271-4B6D-BE1C-5B443A7E0B2E}', 'uploads/49c76b353f.jpg'),
(28, '{4A8BC16B-A271-4B6D-BE1C-5B443A7E0B2E}', 'uploads/b9b06835e9.jpg'),
(29, '{4A8BC16B-A271-4B6D-BE1C-5B443A7E0B2E}', 'uploads/06a1eeb11f.jpg');

-- --------------------------------------------------------

--
-- Table structure for table `tbl_request`
--

CREATE TABLE `tbl_request` (
  `ReqID` varchar(255) NOT NULL,
  `InstituteID` varchar(255) NOT NULL,
  `SubscriberID` varchar(255) NOT NULL,
  `CatID` varchar(255) NOT NULL,
  `Status` int(40) NOT NULL
) ENGINE=MyISAM DEFAULT CHARSET=latin1;

--
-- Dumping data for table `tbl_request`
--

INSERT INTO `tbl_request` (`ReqID`, `InstituteID`, `SubscriberID`, `CatID`, `Status`) VALUES
('{5CEF58B5-5658-4826-8339-F88A648D89AD}', '{53D9DDDA-36C1-407D-BF3A-30FA3265CB08}', '{99E9852D-B301-4694-9503-2ED5BC6E6B74}', '{94BAED2D-83C5-49B1-974E-714285F7834F}', 1),
('{B376FF82-9522-47A6-A432-4D8225F93BE9}', '{53D9DDDA-36C1-407D-BF3A-30FA3265CB08}', '{99E9852D-B301-4694-9503-2ED5BC6E6B74}', '{10ED608E-330C-4993-A735-354AFC44543A}', 1),
('{8D44146E-A3B8-4C95-A8F4-4457FB62AD53}', '{53D9DDDA-36C1-407D-BF3A-30FA3265CB08}', '{4A8BC16B-A271-4B6D-BE1C-5B443A7E0B2E}', '{825A18E5-3C5F-4939-9106-57ABC15021BC}', 2),
('{59FBA1C0-AACF-40B8-BA36-6AE4ECA845AE}', '{53D9DDDA-36C1-407D-BF3A-30FA3265CB08}', '{4A8BC16B-A271-4B6D-BE1C-5B443A7E0B2E}', '{10ED608E-330C-4993-A735-354AFC44543A}', 1),
('{940FD3E5-E299-4574-9C68-0BF0B37AC8C4}', '{53D9DDDA-36C1-407D-BF3A-30FA3265CB08}', '{99E9852D-B301-4694-9503-2ED5BC6E6B74}', '{606AA9D1-C2F9-45DC-BEB9-EF1EBDCC46C4}', 1),
('{7E479966-F1AB-4DA4-8C97-14078BE242CB}', '{53D9DDDA-36C1-407D-BF3A-30FA3265CB08}', '{4C24798C-C6A8-4373-A3CE-535EE86003C6}', '{10ED608E-330C-4993-A735-354AFC44543A}', 1),
('{3AAB3331-0937-4976-A835-B01A32F0D51F}', '{53D9DDDA-36C1-407D-BF3A-30FA3265CB08}', '{7051B474-DB05-466B-B1F6-EE9B9EF0F83A}', '{10ED608E-330C-4993-A735-354AFC44543A}', 1),
('{AE811DCC-BAB0-48E4-A4B4-33C7B18BDEC7}', '{AED34307-DF37-44AB-9523-EA8AA07D3A7F}', '{BC6BD37B-CCFE-4AEE-BEA9-19373F26201C}', '{A79C4207-5B0C-4A46-B607-E95EFBDBCFFD}', 1),
('{31DFC6E9-ACF9-4189-A5A8-82FC28BE42F1}', '{8809CFFE-7D0E-469C-95DD-897671FAA656}', '{4A8BC16B-A271-4B6D-BE1C-5B443A7E0B2E}', '{989DB3D1-7859-4531-92D4-BD1D543FAEDE}', 2),
('{E25DE84B-D227-48DF-B430-EAF626D09930}', '{FF8A9ECE-F3B4-4D0D-9AE3-8EA88F684A39}', '{BC6BD37B-CCFE-4AEE-BEA9-19373F26201C}', '{7C4A1A0D-3044-47A8-A0AC-75A0BA5D5441}', 1),
('{6AE6D03B-C811-48EF-8FDF-BF417F7E3086}', '{53D9DDDA-36C1-407D-BF3A-30FA3265CB08}', '{BC6BD37B-CCFE-4AEE-BEA9-19373F26201C}', '{10ED608E-330C-4993-A735-354AFC44543A}', 2);

-- --------------------------------------------------------

--
-- Table structure for table `tbl_request_pub`
--

CREATE TABLE `tbl_request_pub` (
  `ReqID` varchar(255) NOT NULL,
  `InstituteID` varchar(255) NOT NULL,
  `OrganizerID` varchar(255) NOT NULL,
  `PublisherID` varchar(255) NOT NULL,
  `CatID` varchar(255) NOT NULL,
  `Status` int(100) NOT NULL
) ENGINE=MyISAM DEFAULT CHARSET=latin1;

--
-- Dumping data for table `tbl_request_pub`
--

INSERT INTO `tbl_request_pub` (`ReqID`, `InstituteID`, `OrganizerID`, `PublisherID`, `CatID`, `Status`) VALUES
('{37ED476C-1638-449C-B594-91D6C4C94EAA}', '{53D9DDDA-36C1-407D-BF3A-30FA3265CB08}', '{4A8BC16B-A271-4B6D-BE1C-5B443A7E0B2E}', '{BC6BD37B-CCFE-4AEE-BEA9-19373F26201C}', '{606AA9D1-C2F9-45DC-BEB9-EF1EBDCC46C4}', 2),
('{4D1B6B37-011C-431A-B7A0-A13B8193AE05}', '{53D9DDDA-36C1-407D-BF3A-30FA3265CB08}', '{4A8BC16B-A271-4B6D-BE1C-5B443A7E0B2E}', '{4C24798C-C6A8-4373-A3CE-535EE86003C6}', '{825A18E5-3C5F-4939-9106-57ABC15021BC}', 2),
('{41BD43D9-CBE4-4693-8313-1592CB9F1D89}', '{8809CFFE-7D0E-469C-95DD-897671FAA656}', '{99E9852D-B301-4694-9503-2ED5BC6E6B74}', '{99E9852D-B301-4694-9503-2ED5BC6E6B74}', '{4B5DC49F-0FDB-46FF-8B9C-CB153AAF4C74}', 1),
('{21BCBBC8-2FA3-46B9-8109-572A6B21653F}', '{53D9DDDA-36C1-407D-BF3A-30FA3265CB08}', '{4A8BC16B-A271-4B6D-BE1C-5B443A7E0B2E}', '{4C24798C-C6A8-4373-A3CE-535EE86003C6}', '{94BAED2D-83C5-49B1-974E-714285F7834F}', 1);

-- --------------------------------------------------------

--
-- Table structure for table `tbl_role`
--

CREATE TABLE `tbl_role` (
  `ID` varchar(40) NOT NULL,
  `Name` varchar(40) NOT NULL
) ENGINE=MyISAM DEFAULT CHARSET=latin1;

--
-- Dumping data for table `tbl_role`
--

INSERT INTO `tbl_role` (`ID`, `Name`) VALUES
('{300B373F-2D63-4322-9ED7-D93598D0DE0F}', 'Publisher'),
('{500F283F-B6B7-4FD5-8248-67FED50A04C5}', 'Subscriber'),
('{3BB9B37A-01E4-493B-A283-0448547E6BB0}', 'Admin');

-- --------------------------------------------------------

--
-- Table structure for table `tbl_role_permission`
--

CREATE TABLE `tbl_role_permission` (
  `Row` int(11) NOT NULL,
  `RoleID` varchar(40) NOT NULL,
  `PermissionID` varchar(100) NOT NULL
) ENGINE=InnoDB DEFAULT CHARSET=latin1;

--
-- Dumping data for table `tbl_role_permission`
--

INSERT INTO `tbl_role_permission` (`Row`, `RoleID`, `PermissionID`) VALUES
(225, '{3477F777-3F53-408B-9773-249C5937C2B8}', 'COURSE_C'),
(226, '{3477F777-3F53-408B-9773-249C5937C2B8}', 'COURSE_D'),
(227, '{3477F777-3F53-408B-9773-249C5937C2B8}', 'FILE_C'),
(228, '{3477F777-3F53-408B-9773-249C5937C2B8}', 'FILE_D'),
(229, '{3477F777-3F53-408B-9773-249C5937C2B8}', 'FILE_R'),
(230, '{3477F777-3F53-408B-9773-249C5937C2B8}', 'FILE_U'),
(231, '{3477F777-3F53-408B-9773-249C5937C2B8}', 'POSITION_C'),
(232, '{3477F777-3F53-408B-9773-249C5937C2B8}', 'POSITION_D'),
(233, '{3477F777-3F53-408B-9773-249C5937C2B8}', 'POSITION_R'),
(234, '{3477F777-3F53-408B-9773-249C5937C2B8}', 'POSITION_U'),
(441, '{1AF8A832-4C03-49C7-8071-C71D4EB4FC57}', 'FILE_C'),
(442, '{1AF8A832-4C03-49C7-8071-C71D4EB4FC57}', 'FILE_D'),
(443, '{1AF8A832-4C03-49C7-8071-C71D4EB4FC57}', 'SURVEY_U'),
(444, '{1AF8A832-4C03-49C7-8071-C71D4EB4FC57}', 'TERM_U'),
(557, '{9CC63B6A-99BD-4710-B675-9881B5F7337A}', 'CLUB_D'),
(558, '{9CC63B6A-99BD-4710-B675-9881B5F7337A}', 'CLUB_R'),
(559, '{9CC63B6A-99BD-4710-B675-9881B5F7337A}', 'COURSE_D'),
(560, '{9CC63B6A-99BD-4710-B675-9881B5F7337A}', 'PROJECT_C'),
(561, '{9CC63B6A-99BD-4710-B675-9881B5F7337A}', 'PROJECT_D'),
(562, '{9CC63B6A-99BD-4710-B675-9881B5F7337A}', 'PROJECT_R'),
(563, '{9CC63B6A-99BD-4710-B675-9881B5F7337A}', 'PROJECT_U'),
(564, '{F9C458F2-5298-441F-AE63-7514029760C4}', 'CLUB_C'),
(565, '{F9C458F2-5298-441F-AE63-7514029760C4}', 'CLUB_D'),
(566, '{F9C458F2-5298-441F-AE63-7514029760C4}', 'CLUB_R'),
(567, '{F9C458F2-5298-441F-AE63-7514029760C4}', 'CLUB_U'),
(568, '{F9C458F2-5298-441F-AE63-7514029760C4}', 'COURSE_C'),
(569, '{F9C458F2-5298-441F-AE63-7514029760C4}', 'COURSE_D'),
(570, '{F9C458F2-5298-441F-AE63-7514029760C4}', 'COURSE_R'),
(571, '{F9C458F2-5298-441F-AE63-7514029760C4}', 'COURSE_U'),
(572, '{F9C458F2-5298-441F-AE63-7514029760C4}', 'DISCIPLINE_C'),
(573, '{F9C458F2-5298-441F-AE63-7514029760C4}', 'DISCIPLINE_D'),
(574, '{F9C458F2-5298-441F-AE63-7514029760C4}', 'DISCIPLINE_R'),
(575, '{F9C458F2-5298-441F-AE63-7514029760C4}', 'DISCIPLINE_U'),
(576, '{F9C458F2-5298-441F-AE63-7514029760C4}', 'FILE_C'),
(577, '{F9C458F2-5298-441F-AE63-7514029760C4}', 'FILE_D'),
(578, '{F9C458F2-5298-441F-AE63-7514029760C4}', 'FILE_R'),
(579, '{F9C458F2-5298-441F-AE63-7514029760C4}', 'FILE_U'),
(580, '{F9C458F2-5298-441F-AE63-7514029760C4}', 'POSITION_C'),
(581, '{F9C458F2-5298-441F-AE63-7514029760C4}', 'POSITION_D'),
(582, '{F9C458F2-5298-441F-AE63-7514029760C4}', 'POSITION_R'),
(583, '{F9C458F2-5298-441F-AE63-7514029760C4}', 'POSITION_U'),
(584, '{F9C458F2-5298-441F-AE63-7514029760C4}', 'PROJECT_C'),
(585, '{F9C458F2-5298-441F-AE63-7514029760C4}', 'PROJECT_D'),
(586, '{F9C458F2-5298-441F-AE63-7514029760C4}', 'PROJECT_R'),
(587, '{F9C458F2-5298-441F-AE63-7514029760C4}', 'PROJECT_U'),
(588, '{F9C458F2-5298-441F-AE63-7514029760C4}', 'ROLE_C'),
(589, '{F9C458F2-5298-441F-AE63-7514029760C4}', 'ROLE_D'),
(590, '{F9C458F2-5298-441F-AE63-7514029760C4}', 'ROLE_R'),
(591, '{F9C458F2-5298-441F-AE63-7514029760C4}', 'ROLE_U'),
(592, '{F9C458F2-5298-441F-AE63-7514029760C4}', 'SCHOOL_C'),
(593, '{F9C458F2-5298-441F-AE63-7514029760C4}', 'SCHOOL_D'),
(594, '{F9C458F2-5298-441F-AE63-7514029760C4}', 'SCHOOL_R'),
(595, '{F9C458F2-5298-441F-AE63-7514029760C4}', 'SCHOOL_U'),
(596, '{F9C458F2-5298-441F-AE63-7514029760C4}', 'SESSION_C'),
(597, '{F9C458F2-5298-441F-AE63-7514029760C4}', 'SESSION_D'),
(598, '{F9C458F2-5298-441F-AE63-7514029760C4}', 'SESSION_R'),
(599, '{F9C458F2-5298-441F-AE63-7514029760C4}', 'SESSION_U'),
(600, '{F9C458F2-5298-441F-AE63-7514029760C4}', 'SURVEY_C'),
(601, '{F9C458F2-5298-441F-AE63-7514029760C4}', 'SURVEY_D'),
(602, '{F9C458F2-5298-441F-AE63-7514029760C4}', 'SURVEY_R'),
(603, '{F9C458F2-5298-441F-AE63-7514029760C4}', 'SURVEY_U'),
(604, '{F9C458F2-5298-441F-AE63-7514029760C4}', 'TERM_C'),
(605, '{F9C458F2-5298-441F-AE63-7514029760C4}', 'TERM_D'),
(606, '{F9C458F2-5298-441F-AE63-7514029760C4}', 'TERM_R'),
(607, '{F9C458F2-5298-441F-AE63-7514029760C4}', 'TERM_U'),
(608, '{F9C458F2-5298-441F-AE63-7514029760C4}', 'USER_C'),
(609, '{F9C458F2-5298-441F-AE63-7514029760C4}', 'USER_D'),
(610, '{F9C458F2-5298-441F-AE63-7514029760C4}', 'USER_R'),
(611, '{F9C458F2-5298-441F-AE63-7514029760C4}', 'USER_U'),
(612, '{F9C458F2-5298-441F-AE63-7514029760C4}', 'YEAR_C'),
(613, '{F9C458F2-5298-441F-AE63-7514029760C4}', 'YEAR_D'),
(614, '{F9C458F2-5298-441F-AE63-7514029760C4}', 'YEAR_R'),
(615, '{F9C458F2-5298-441F-AE63-7514029760C4}', 'YEAR_U'),
(625, '{500F283F-B6B7-4FD5-8248-67FED50A04C5}', 'NOTICE_C'),
(626, '{500F283F-B6B7-4FD5-8248-67FED50A04C5}', 'NOTICE_R'),
(627, '{500F283F-B6B7-4FD5-8248-67FED50A04C5}', 'NOTICE_U'),
(628, '{500F283F-B6B7-4FD5-8248-67FED50A04C5}', 'NOTICE_D'),
(629, '{3BB9B37A-01E4-493B-A283-0448547E6BB0}', 'PUBLISHER_C'),
(630, '{3BB9B37A-01E4-493B-A283-0448547E6BB0}', 'PUBLISHER_R'),
(631, '{3BB9B37A-01E4-493B-A283-0448547E6BB0}', 'PUBLISHER_U'),
(632, '{3BB9B37A-01E4-493B-A283-0448547E6BB0}', 'PUBLISHER_D'),
(633, '{3BB9B37A-01E4-493B-A283-0448547E6BB0}', 'SUBSCRIBER_C'),
(634, '{3BB9B37A-01E4-493B-A283-0448547E6BB0}', 'SUBSCRIBER_R'),
(635, '{3BB9B37A-01E4-493B-A283-0448547E6BB0}', 'SUBSCRIBER_U'),
(636, '{3BB9B37A-01E4-493B-A283-0448547E6BB0}', 'SUBSCRIBER_D'),
(637, '{3BB9B37A-01E4-493B-A283-0448547E6BB0}', 'NOTICE_C'),
(638, '{3BB9B37A-01E4-493B-A283-0448547E6BB0}', 'NOTICE_R'),
(639, '{3BB9B37A-01E4-493B-A283-0448547E6BB0}', 'NOTICE_U'),
(640, '{3BB9B37A-01E4-493B-A283-0448547E6BB0}', 'NOTICE_D'),
(641, '{3BB9B37A-01E4-493B-A283-0448547E6BB0}', 'CATEGORY_C'),
(642, '{3BB9B37A-01E4-493B-A283-0448547E6BB0}', 'CATEGORY_R'),
(643, '{3BB9B37A-01E4-493B-A283-0448547E6BB0}', 'CATEGORY_U'),
(644, '{3BB9B37A-01E4-493B-A283-0448547E6BB0}', 'CATEGORY_D'),
(645, '{3BB9B37A-01E4-493B-A283-0448547E6BB0}', 'CONTENT_C'),
(646, '{3BB9B37A-01E4-493B-A283-0448547E6BB0}', 'CONTENT_R'),
(647, '{3BB9B37A-01E4-493B-A283-0448547E6BB0}', 'CONTENT_U'),
(648, '{3BB9B37A-01E4-493B-A283-0448547E6BB0}', 'CONTENT_D'),
(649, '{3BB9B37A-01E4-493B-A283-0448547E6BB0}', 'ROLE_C'),
(650, '{3BB9B37A-01E4-493B-A283-0448547E6BB0}', 'ROLE_R'),
(651, '{3BB9B37A-01E4-493B-A283-0448547E6BB0}', 'ROLE_U'),
(652, '{3BB9B37A-01E4-493B-A283-0448547E6BB0}', 'ROLE_D');

-- --------------------------------------------------------

--
-- Table structure for table `tbl_tree`
--

CREATE TABLE `tbl_tree` (
  `ID` int(100) NOT NULL,
  `Name` varchar(255) NOT NULL,
  `ParentID` int(100) NOT NULL
) ENGINE=MyISAM DEFAULT CHARSET=latin1;

--
-- Dumping data for table `tbl_tree`
--

INSERT INTO `tbl_tree` (`ID`, `Name`, `ParentID`) VALUES
(4, 'Khulna University', 0),
(5, '', 0),
(6, '', 0),
(7, 'KUET', 0),
(8, 'BTHQPH School', 0),
(9, 'Katpara School', 0),
(10, 'ABC primary School', 0),
(11, 'BTHQPH School', 0);

-- --------------------------------------------------------

--
-- Table structure for table `tbl_user`
--

CREATE TABLE `tbl_user` (
  `ID` varchar(255) NOT NULL,
  `FirstName` varchar(100) NOT NULL,
  `LastName` varchar(100) NOT NULL,
  `Email` varchar(255) NOT NULL,
  `Password` varchar(255) NOT NULL,
  `Address` varchar(255) NOT NULL
) ENGINE=MyISAM DEFAULT CHARSET=latin1;

--
-- Dumping data for table `tbl_user`
--

INSERT INTO `tbl_user` (`ID`, `FirstName`, `LastName`, `Email`, `Password`, `Address`) VALUES
('{4A8BC16B-A271-4B6D-BE1C-5B443A7E0B2E}', 'Binayak', 'Ray', 'csebinayak.ku@gmail.com', '1212', 'Khulna university,Khulna'),
('{4C24798C-C6A8-4373-A3CE-535EE86003C6}', 'Sohel', 'Rana', 'sohel@gmail.com', '130209', 'khulna university'),
('{BC6BD37B-CCFE-4AEE-BEA9-19373F26201C}', 'Biswajit', 'Kumar', 'biswa@gmail.com', '130235', 'khulna university'),
('{7051B474-DB05-466B-B1F6-EE9B9EF0F83A}', 'Shamim', 'Hasan', 'nayan@gmail.com', '130240', 'BB Hall'),
('{2D7852F8-D70A-4222-8306-FB0F4FC22DBC}', 'Ajay', 'yadov', 'ajay@gmail.com', '1234', 'khulna university'),
('{99E9852D-B301-4694-9503-2ED5BC6E6B74}', 'Masum', 'Moral', 'masum@gmail.com', '130217', 'khulna university');

--
-- Indexes for dumped tables
--

--
-- Indexes for table `tbl_child_cat`
--
ALTER TABLE `tbl_child_cat`
  ADD PRIMARY KEY (`CatID`);

--
-- Indexes for table `tbl_file`
--
ALTER TABLE `tbl_file`
  ADD PRIMARY KEY (`ID`);

--
-- Indexes for table `tbl_image`
--
ALTER TABLE `tbl_image`
  ADD PRIMARY KEY (`ID`);

--
-- Indexes for table `tbl_institution`
--
ALTER TABLE `tbl_institution`
  ADD PRIMARY KEY (`ID`);

--
-- Indexes for table `tbl_new_publisher`
--
ALTER TABLE `tbl_new_publisher`
  ADD PRIMARY KEY (`CategoryID`);

--
-- Indexes for table `tbl_notice`
--
ALTER TABLE `tbl_notice`
  ADD PRIMARY KEY (`ID`);

--
-- Indexes for table `tbl_permission`
--
ALTER TABLE `tbl_permission`
  ADD PRIMARY KEY (`ID`);

--
-- Indexes for table `tbl_profileimage`
--
ALTER TABLE `tbl_profileimage`
  ADD PRIMARY KEY (`id`);

--
-- Indexes for table `tbl_request`
--
ALTER TABLE `tbl_request`
  ADD PRIMARY KEY (`ReqID`);

--
-- Indexes for table `tbl_request_pub`
--
ALTER TABLE `tbl_request_pub`
  ADD PRIMARY KEY (`ReqID`);

--
-- Indexes for table `tbl_role`
--
ALTER TABLE `tbl_role`
  ADD PRIMARY KEY (`ID`);

--
-- Indexes for table `tbl_role_permission`
--
ALTER TABLE `tbl_role_permission`
  ADD PRIMARY KEY (`Row`);

--
-- Indexes for table `tbl_tree`
--
ALTER TABLE `tbl_tree`
  ADD PRIMARY KEY (`ID`);

--
-- Indexes for table `tbl_user`
--
ALTER TABLE `tbl_user`
  ADD PRIMARY KEY (`ID`);

--
-- AUTO_INCREMENT for dumped tables
--

--
-- AUTO_INCREMENT for table `tbl_profileimage`
--
ALTER TABLE `tbl_profileimage`
  MODIFY `id` int(11) NOT NULL AUTO_INCREMENT, AUTO_INCREMENT=30;
--
-- AUTO_INCREMENT for table `tbl_role_permission`
--
ALTER TABLE `tbl_role_permission`
  MODIFY `Row` int(11) NOT NULL AUTO_INCREMENT, AUTO_INCREMENT=653;
--
-- AUTO_INCREMENT for table `tbl_tree`
--
ALTER TABLE `tbl_tree`
  MODIFY `ID` int(100) NOT NULL AUTO_INCREMENT, AUTO_INCREMENT=12;
/*!40101 SET CHARACTER_SET_CLIENT=@OLD_CHARACTER_SET_CLIENT */;
/*!40101 SET CHARACTER_SET_RESULTS=@OLD_CHARACTER_SET_RESULTS */;
/*!40101 SET COLLATION_CONNECTION=@OLD_COLLATION_CONNECTION */;
